{
  "prior": 0.6363636363636364,
  "current": 0.6363636363636364,
  "generated": "2026-06-28",
  "corpus": {
    "filesScanned": 2098,
    "chunksUpserted": 39895
  },
  "knobs": {
    "boost": 1.5,
    "dampen": 0.85,
    "floor": 0.35,
    "bm25": false
  },
  "metrics": {
    "recallAt5": 0.6363636363636364,
    "recallAt10": 0.7272727272727273,
    "mrr": 0.46492063492063485,
    "ndcgAt10": 0.5278985525716301
  },
  "byCategory": {
    "recallAt5": {
      "memory-recall": 0.9285714285714286,
      "implementation-lookup": 0.5833333333333334,
      "retro-lookup": 0.4,
      "script-header": 0.5,
      "adr-lookup": 0.8333333333333334,
      "skill-discovery": 0.4
    },
    "recallAt5Prior": {
      "memory-recall": 0.9285714285714286,
      "implementation-lookup": 0.5833333333333334,
      "retro-lookup": 0.4,
      "script-header": 0.5,
      "adr-lookup": 0.8333333333333334,
      "skill-discovery": 0.4
    },
    "count": {
      "memory-recall": 14,
      "implementation-lookup": 12,
      "retro-lookup": 10,
      "script-header": 8,
      "adr-lookup": 6,
      "skill-discovery": 5
    }
  }
}
