{
  "prior": 0.43636363636363634,
  "current": 0.6363636363636364,
  "generated": "2026-06-24",
  "corpus": {
    "filesScanned": 1995,
    "chunksUpserted": 37829
  },
  "knobs": {
    "boost": 1.5,
    "dampen": 0.85,
    "floor": 0.35,
    "bm25": false
  },
  "metrics": {
    "recallAt5": 0.6363636363636364,
    "recallAt10": 0.7272727272727273,
    "mrr": 0.4565873015873015,
    "ndcgAt10": 0.5219289537333347
  },
  "byCategory": {
    "recallAt5": {
      "memory-recall": 0.9285714285714286,
      "implementation-lookup": 0.5833333333333334,
      "retro-lookup": 0.4,
      "script-header": 0.5,
      "adr-lookup": 0.8333333333333334,
      "skill-discovery": 0.4
    },
    "recallAt5Prior": {
      "memory-recall": 0.2857142857142857,
      "implementation-lookup": 0.25,
      "retro-lookup": 0.5,
      "script-header": 0.625,
      "adr-lookup": 0.6666666666666666,
      "skill-discovery": 0.6
    },
    "count": {
      "memory-recall": 14,
      "implementation-lookup": 12,
      "retro-lookup": 10,
      "script-header": 8,
      "adr-lookup": 6,
      "skill-discovery": 5
    }
  }
}
