{
  "prior": null,
  "current": 0.41818181818181815,
  "generated": "2026-05-06",
  "corpus": {
    "filesScanned": 1325,
    "chunksUpserted": 28432
  },
  "knobs": {
    "boost": 1.5,
    "dampen": 0.85,
    "floor": 0.35,
    "bm25": false
  },
  "metrics": {
    "recallAt5": 0.41818181818181815,
    "recallAt10": 0.4909090909090909,
    "mrr": 0.28244588744588744,
    "ndcgAt10": 0.33272058903974044
  }
}
